,Date,Open,Close,High,Low,Volume
0,2018-09-12,224.94,221.07,225.0,219.84,49278740
1,2018-09-13,223.52,226.41,228.35,222.57,41706377
2,2018-09-14,225.75,223.84,226.84,222.52,31999289
3,2018-09-17,222.15,217.88,222.95,217.27,37195133
4,2018-09-18,217.79,218.24,221.85,217.12,31571712
5,2018-09-19,218.5,218.37,219.62,215.3,27123833
6,2018-09-20,220.24,220.03,222.28,219.15,26608794
7,2018-09-21,220.78,217.66,221.36,217.29,96246748
8,2018-09-24,216.82,220.79,221.26,216.63,27693358
9,2018-09-25,219.75,222.19,222.82,219.7,24554379
10,2018-09-26,221.0,220.42,223.75,219.76,23984706
11,2018-09-27,223.82,224.95,226.44,223.54,30181227
12,2018-09-28,224.79,225.74,225.84,224.02,22929364
13,2018-10-01,227.95,227.26,229.42,226.35,23600802
14,2018-10-02,227.25,229.28,230.0,226.63,24788170
15,2018-10-03,230.05,232.07,233.47,229.78,28654799
16,2018-10-04,230.78,227.99,232.35,226.73,32042000
17,2018-10-05,227.96,224.29,228.41,220.58,33580463
18,2018-10-08,222.21,223.77,224.8,220.2,29663923
19,2018-10-09,223.64,226.87,227.27,222.25,26891029
20,2018-10-10,225.46,216.36,226.35,216.05,41990554
21,2018-10-11,214.52,214.45,219.5,212.32,53124392
22,2018-10-12,220.42,222.11,222.88,216.84,40337851
23,2018-10-15,221.16,217.36,221.83,217.27,30791007
24,2018-10-16,218.93,222.15,222.99,216.76,29183963
25,2018-10-17,222.3,221.19,222.64,219.34,22885397
26,2018-10-18,217.86,216.02,219.74,213.0,32581315
27,2018-10-19,218.06,219.31,221.26,217.43,33078726
28,2018-10-22,219.79,220.65,223.36,218.94,28792082
29,2018-10-23,215.83,222.73,223.25,214.7,38767846
30,2018-10-24,222.6,215.09,224.23,214.54,40925163
31,2018-10-25,217.71,219.8,221.38,216.75,29855768
32,2018-10-26,215.9,216.3,220.19,212.67,47258375
33,2018-10-29,219.19,212.24,219.69,206.09,45935520
34,2018-10-30,211.15,213.3,215.18,209.27,36659990
35,2018-10-31,216.88,218.86,220.45,216.62,38358933
36,2018-11-01,219.05,222.22,222.36,216.81,58323180
37,2018-11-02,209.55,207.48,213.65,205.43,91328654
38,2018-11-05,204.3,201.59,204.39,198.17,66163669
39,2018-11-06,201.92,203.77,204.72,201.69,31882881
40,2018-11-07,205.97,209.95,210.06,204.13,33424434
41,2018-11-08,209.98,208.49,210.12,206.75,25362636
42,2018-11-09,205.55,204.47,206.01,202.25,34365750
43,2018-11-12,199.0,194.17,199.85,193.79,51135518
44,2018-11-13,191.63,192.23,197.18,191.45,46882936
45,2018-11-14,193.9,186.8,194.48,185.93,60800957
46,2018-11-15,188.39,191.41,191.97,186.9,46478801
47,2018-11-16,190.5,193.53,194.97,189.46,36928253
48,2018-11-19,190.0,185.86,190.7,184.99,41920872
49,2018-11-20,178.37,176.98,181.47,175.51,67825247
50,2018-11-21,179.73,176.78,180.27,176.55,31124210
51,2018-11-23,174.94,172.29,176.6,172.1,23623972
52,2018-11-26,174.24,174.62,174.95,170.26,44998520
53,2018-11-27,171.51,174.24,174.77,170.88,41387377
54,2018-11-28,176.73,180.94,181.29,174.93,46062539
55,2018-11-29,182.66,179.55,182.8,177.7,41769992
56,2018-11-30,180.29,178.58,180.33,177.03,39531549
57,2018-12-03,184.46,184.82,184.94,181.21,40798002
58,2018-12-04,180.95,176.69,182.39,176.27,41344282
59,2018-12-06,171.76,174.72,174.78,170.42,43098410
60,2018-12-07,173.49,168.49,174.49,168.3,42281631
61,2018-12-10,165.0,169.6,170.09,163.33,62025994
62,2018-12-11,171.66,168.63,171.79,167.0,47281665
63,2018-12-12,170.4,169.1,171.92,169.02,35627674
64,2018-12-13,170.49,170.95,172.57,169.55,31897827
65,2018-12-14,169.0,165.48,169.08,165.28,40703710
66,2018-12-17,165.45,163.94,168.35,162.73,44287922
67,2018-12-18,165.38,166.07,167.53,164.39,33841518
68,2018-12-19,166.0,160.89,167.45,159.09,49047297
69,2018-12-20,160.4,156.83,162.11,155.3,64772960
70,2018-12-21,156.86,150.73,158.16,149.63,95744384
71,2018-12-24,148.15,146.83,151.55,146.59,37169232
72,2018-12-26,148.3,157.17,157.23,146.72,58582544
73,2018-12-27,155.84,156.15,156.77,150.07,53117065
74,2018-12-28,157.5,156.23,158.52,154.55,42291424
75,2018-12-31,158.53,157.74,159.36,156.48,35003466
76,2019-01-02,154.89,157.92,158.85,154.23,37039737
77,2019-01-03,143.98,142.19,145.72,142.0,91312195
78,2019-01-04,144.53,148.26,148.55,143.8,58607070
79,2019-01-07,148.7,147.93,148.83,145.9,54777764
80,2019-01-08,149.56,150.75,151.82,148.52,41025314
81,2019-01-09,151.29,153.31,154.53,149.63,45099081
82,2019-01-10,152.5,153.8,153.97,150.86,35780670
83,2019-01-11,152.88,152.29,153.7,151.51,27023241
84,2019-01-14,150.85,150.0,151.27,149.22,32439186
85,2019-01-15,150.27,153.07,153.39,150.05,28710324
86,2019-01-16,153.08,154.94,155.88,153.0,30569706
87,2019-01-17,154.2,155.86,157.66,153.26,29821160
88,2019-01-18,157.5,156.82,157.88,155.98,33751023
89,2019-01-22,156.41,153.3,156.73,152.62,30393970
90,2019-01-23,154.15,153.92,155.14,151.7,23130570
91,2019-01-24,154.11,152.7,154.48,151.74,25441549
92,2019-01-25,155.48,157.76,158.13,154.32,33547893
93,2019-01-28,155.79,156.3,156.33,153.66,26192058
94,2019-01-29,156.25,154.68,158.13,154.11,41587239
95,2019-01-30,163.25,165.25,166.15,160.23,61109780
96,2019-01-31,166.11,166.44,169.0,164.56,40739649
97,2019-02-01,166.96,166.52,168.98,165.93,32668138
98,2019-02-04,167.41,171.25,171.66,167.28,31495582
99,2019-02-05,172.86,174.18,175.08,172.35,36101628
100,2019-02-06,174.65,174.24,175.57,172.85,28239591
101,2019-02-07,172.4,170.94,173.94,170.34,31741690
102,2019-02-08,168.99,170.41,170.66,168.42,23819966
103,2019-02-11,171.05,169.43,171.21,169.25,20993425
104,2019-02-12,170.1,170.89,171.0,169.7,22283523
105,2019-02-13,171.39,170.18,172.48,169.92,22490233
106,2019-02-14,169.71,170.8,171.26,169.38,21835747
107,2019-02-15,171.25,170.42,171.7,169.75,24626814
108,2019-02-19,169.71,170.93,171.44,169.49,18972826
109,2019-02-20,171.19,172.03,173.32,170.99,26114362
110,2019-02-21,171.8,171.06,172.37,170.3,17249670
111,2019-02-22,171.58,172.97,173.0,171.38,18913154
112,2019-02-25,174.16,174.23,175.87,173.95,21873358
113,2019-02-26,173.71,174.33,175.3,173.17,17070211
114,2019-02-27,173.21,174.87,175.0,172.73,27835389
115,2019-02-28,174.32,173.15,174.91,172.92,28215416
116,2019-03-01,174.28,174.97,175.15,172.89,25886167
117,2019-03-04,175.69,175.85,177.75,173.97,27436203
118,2019-03-05,175.94,175.53,176.0,174.54,19737419
119,2019-03-06,174.67,174.52,175.49,173.94,20810384
120,2019-03-07,173.87,172.5,174.44,172.02,24796374
121,2019-03-08,170.32,172.91,173.07,169.5,23999358
122,2019-03-11,175.49,178.9,179.12,175.35,32011034
123,2019-03-12,180.0,180.91,182.67,179.37,32467584
124,2019-03-13,182.25,181.71,183.3,180.92,31032524
125,2019-03-14,183.9,183.73,184.1,182.56,23579508
126,2019-03-15,184.85,186.12,187.33,183.74,39042912
127,2019-03-18,185.8,188.02,188.39,185.79,26219832
128,2019-03-19,188.35,186.53,188.99,185.92,31646369
129,2019-03-20,186.23,188.16,189.49,184.73,31035231
130,2019-03-21,190.02,195.09,196.33,189.81,51034237
131,2019-03-22,195.34,191.05,197.69,190.78,42407666
132,2019-03-25,191.51,188.74,191.98,186.6,43845293
133,2019-03-26,191.66,186.79,192.88,184.58,49800538
134,2019-03-27,188.75,188.47,189.76,186.55,29848427
135,2019-03-28,188.95,188.72,189.56,187.53,20780363
136,2019-03-29,189.83,189.95,190.08,188.54,23563961
137,2019-04-01,191.64,191.24,191.68,188.38,27861964
138,2019-04-02,191.09,194.02,194.46,191.05,22765732
139,2019-04-03,193.25,195.35,196.5,193.15,23271830
140,2019-04-04,194.79,195.69,196.37,193.14,19114275
141,2019-04-05,196.45,197.0,197.1,195.93,18526644
142,2019-04-08,196.42,200.1,200.23,196.34,25881697
143,2019-04-09,200.32,199.5,202.85,199.23,35768237
144,2019-04-10,198.68,200.62,200.74,198.18,21695288
145,2019-04-11,200.85,198.95,201.0,198.44,20900808
146,2019-04-12,199.2,198.87,200.14,196.21,27760668
147,2019-04-15,198.58,199.23,199.85,198.01,17536646
148,2019-04-16,199.46,199.25,201.37,198.56,25696385
149,2019-04-17,199.54,203.13,203.38,198.61,28906780
150,2019-04-18,203.12,203.86,204.15,202.52,24195766
151,2019-04-22,202.83,204.53,204.94,202.34,19439545
152,2019-04-23,204.43,207.48,207.75,203.9,23322991
153,2019-04-24,207.36,207.16,208.48,207.05,17540609
154,2019-04-25,206.83,205.28,207.76,205.12,18543206
155,2019-04-26,204.9,204.3,205.0,202.12,18649102
156,2019-04-29,204.4,204.61,205.97,203.86,22204716
157,2019-04-30,203.06,200.67,203.4,199.11,46534923
158,2019-05-01,209.88,210.52,215.31,209.23,64827328
159,2019-05-02,209.84,209.15,212.65,208.13,31996324
160,2019-05-03,210.89,211.75,211.84,210.23,20892378
161,2019-05-06,204.29,208.48,208.84,203.5,32443113
162,2019-05-07,205.88,202.86,207.42,200.83,38763698
163,2019-05-08,201.9,202.9,205.34,201.75,26339504
164,2019-05-09,200.4,200.72,201.68,196.66,34908607
165,2019-05-10,197.42,197.18,198.85,192.77,41208712
166,2019-05-13,187.71,185.72,189.48,182.85,57430623
167,2019-05-14,186.41,188.66,189.7,185.41,36529677
168,2019-05-15,186.27,190.92,191.75,186.02,26544718
169,2019-05-16,189.91,190.08,192.47,188.84,33031364
170,2019-05-17,186.93,189.0,190.9,186.76,32879090
171,2019-05-20,183.52,183.09,184.35,180.28,38612290
172,2019-05-21,185.22,186.6,188.0,184.7,28364848
173,2019-05-22,184.66,182.78,185.71,182.55,29748556
174,2019-05-23,179.8,179.66,180.54,177.81,36529736
175,2019-05-24,180.2,178.97,182.14,178.62,23714686
176,2019-05-28,178.92,178.23,180.59,177.91,27948160
177,2019-05-29,176.42,177.38,179.35,176.0,28481165
178,2019-05-30,177.95,178.3,179.23,176.67,21218412
179,2019-05-31,176.23,175.07,177.99,174.99,27043584
180,2019-06-03,175.6,173.3,177.92,170.27,40396069
181,2019-06-04,175.44,179.64,179.83,174.52,30967961
182,2019-06-05,184.28,182.54,184.99,181.14,29773427
183,2019-06-06,183.08,185.22,185.47,182.15,22526311
184,2019-06-07,186.51,190.15,191.92,185.77,30684393
185,2019-06-10,191.81,192.58,195.37,191.62,26220851
186,2019-06-11,194.86,194.81,196.0,193.6,26932882
187,2019-06-12,193.95,194.19,195.97,193.39,18253189
188,2019-06-13,194.7,194.15,196.79,193.6,21674625
189,2019-06-14,191.55,192.74,193.59,190.3,18761474
190,2019-06-17,192.9,193.89,194.96,192.17,14669144
191,2019-06-18,196.05,198.45,200.29,195.21,26551004
192,2019-06-19,199.68,197.87,199.88,197.31,21124235
193,2019-06-20,200.37,199.46,200.61,198.03,21513988
194,2019-06-21,198.8,198.78,200.85,198.15,47800589
195,2019-06-24,198.54,198.58,200.16,198.17,18220421
196,2019-06-25,198.43,195.57,199.26,195.29,21070334
197,2019-06-26,197.77,199.8,200.99,197.35,26067512
198,2019-06-27,200.29,199.74,201.57,199.57,20899717
199,2019-06-28,198.68,197.92,199.5,197.05,31110642
200,2019-07-01,203.17,201.55,204.49,200.65,27316739
201,2019-07-02,201.41,202.73,203.13,201.36,16935217
202,2019-07-03,203.28,204.41,204.44,202.69,11362045
203,2019-07-05,203.35,204.23,205.08,202.9,17265518
204,2019-07-08,200.81,200.02,201.4,198.41,25338628
205,2019-07-09,199.2,201.24,201.51,198.81,20578015
206,2019-07-10,201.85,203.23,203.73,201.56,17897138
207,2019-07-11,203.31,201.75,204.39,201.71,20191842
208,2019-07-12,202.45,203.3,204.0,202.2,17595212
209,2019-07-15,204.09,205.21,205.87,204.0,16947420
210,2019-07-16,204.59,204.5,206.11,203.5,16866816
211,2019-07-17,204.05,203.35,205.09,203.27,14107450
212,2019-07-18,204.0,205.66,205.88,203.7,18582161
213,2019-07-19,205.79,202.59,206.5,202.36,20929307
214,2019-07-22,203.65,207.22,207.23,203.61,22277932
215,2019-07-23,208.46,208.84,208.91,207.29,18355210
216,2019-07-24,207.67,208.67,209.15,207.17,14991567
217,2019-07-25,208.89,207.02,209.24,206.73,13909562
218,2019-07-26,207.48,207.74,209.73,207.14,17618874
219,2019-07-29,208.46,209.68,210.64,208.44,21673389
220,2019-07-30,208.76,208.78,210.16,207.31,33935718
221,2019-07-31,216.42,213.04,221.37,211.3,69281361
222,2019-08-01,213.9,208.43,218.03,206.74,54017922
223,2019-08-02,205.53,204.02,206.43,201.63,40862122
224,2019-08-05,197.99,193.34,198.65,192.58,52392969
225,2019-08-06,196.31,197.0,198.07,194.04,35824787
226,2019-08-07,195.41,199.04,199.56,193.82,33364400
227,2019-08-08,200.2,203.43,203.53,199.39,27009523
228,2019-08-09,201.3,200.99,202.76,199.29,24619746
229,2019-08-12,199.62,200.48,202.05,199.15,22481889
230,2019-08-13,201.02,208.97,212.14,200.83,47539786
231,2019-08-14,203.16,202.75,206.44,202.59,36547443
232,2019-08-15,203.46,201.74,205.14,199.67,27883363
233,2019-08-16,204.28,206.5,207.16,203.84,28813624
234,2019-08-19,210.62,210.35,212.73,210.03,24431915
235,2019-08-20,210.88,210.36,213.35,210.32,26919529
236,2019-08-21,212.99,212.64,213.65,211.6,21564747
237,2019-08-22,213.19,212.46,214.44,210.75,22267819
238,2019-08-23,209.43,202.64,212.05,201.0,46882843
239,2019-08-26,205.86,206.49,207.19,205.06,26066130
240,2019-08-27,207.86,204.16,208.55,203.53,25897344
241,2019-08-28,204.1,205.53,205.72,203.32,15957632
242,2019-08-29,208.5,209.01,209.32,206.66,21007652
243,2019-08-30,210.16,208.74,210.45,207.2,21162561
244,2019-09-03,206.43,205.7,206.98,204.22,20059574
245,2019-09-04,208.39,209.19,209.48,207.32,19216820
246,2019-09-05,212.0,213.28,213.97,211.51,23946984
247,2019-09-06,214.05,213.26,214.42,212.51,19362294
248,2019-09-09,214.84,214.17,216.44,211.07,27309401
249,2019-09-10,213.86,216.7,216.78,211.71,31777931
250,2019-09-11,218.07,223.59,223.71,217.73,44289646
251,2019-09-12,224.8,223.09,226.42,222.86,32226669
252,2019-09-13,220.0,218.75,220.79,217.02,39763296
253,2019-09-16,217.73,219.9,220.13,217.56,21158141
254,2019-09-17,219.96,220.7,220.82,219.12,18386468
255,2019-09-18,221.06,222.77,222.85,219.44,25643093
256,2019-09-19,222.01,220.96,223.76,220.37,22187876
257,2019-09-20,221.38,217.73,222.56,217.47,57977094
258,2019-09-23,218.95,218.72,219.84,217.65,19419648
259,2019-09-24,221.03,217.68,222.49,217.19,31434367
260,2019-09-25,218.55,221.03,221.5,217.14,22481006
261,2019-09-26,220.0,219.89,220.94,218.83,19088312
262,2019-09-27,220.54,218.82,220.96,217.28,25361285
263,2019-09-30,220.9,223.97,224.58,220.79,26318583
264,2019-10-01,225.07,224.59,228.22,224.2,36187163
265,2019-10-02,223.06,218.96,223.58,217.93,35767257
266,2019-10-03,218.43,220.82,220.96,215.13,30352686
267,2019-10-04,225.64,227.01,227.49,223.89,34755553
268,2019-10-07,226.27,227.06,229.93,225.84,30889269
269,2019-10-08,225.82,224.4,228.06,224.33,29282700
270,2019-10-09,227.03,227.03,227.79,225.64,19029424
271,2019-10-10,227.93,230.09,230.44,227.3,28962984
272,2019-10-11,232.95,236.21,237.64,232.31,41990210
273,2019-10-14,234.9,235.87,238.13,234.67,24413484
274,2019-10-15,236.39,235.32,237.65,234.88,23040483
275,2019-10-16,233.37,234.37,235.24,233.2,19286694
276,2019-10-17,235.09,235.28,236.15,233.52,17272897
277,2019-10-18,234.59,236.41,237.58,234.29,24377166
278,2019-10-21,237.52,240.51,240.99,237.32,22367483
279,2019-10-22,241.16,239.96,242.2,239.62,22684001
280,2019-10-23,242.1,243.18,243.24,241.22,19932545
281,2019-10-24,244.51,243.58,244.8,241.81,17916255
282,2019-10-25,243.16,246.58,246.73,242.88,18369296
283,2019-10-28,247.42,249.05,249.25,246.72,24143241
284,2019-10-29,248.97,243.29,249.75,242.57,35709867
285,2019-10-30,244.76,243.26,245.3,241.21,31130522
286,2019-10-31,247.24,248.76,249.17,237.26,34790520
287,2019-11-01,249.54,255.82,255.93,249.16,37781334
288,2019-11-04,257.33,257.5,257.85,255.38,25817952
289,2019-11-05,257.05,257.13,258.19,256.32,19974427
290,2019-11-06,256.77,257.24,257.49,255.37,18966124
291,2019-11-07,258.74,259.43,260.35,258.11,23735083
292,2019-11-08,258.69,260.14,260.44,256.85,17520495
293,2019-11-11,258.3,262.2,262.47,258.28,20507459
294,2019-11-12,261.55,261.96,262.79,260.92,21847226
295,2019-11-13,261.13,264.47,264.78,261.07,25817593
296,2019-11-14,263.75,262.64,264.88,262.1,22395556
297,2019-11-15,263.68,265.76,265.78,263.01,25093666
298,2019-11-18,265.8,267.1,267.43,264.23,21700897
299,2019-11-19,267.9,266.29,268.0,265.39,19069597
300,2019-11-20,265.54,263.19,266.08,260.4,26609919
301,2019-11-21,263.69,262.01,264.01,261.18,30348778
302,2019-11-22,262.59,261.78,263.18,260.84,16331263
303,2019-11-25,262.71,266.37,266.44,262.52,21029517
304,2019-11-26,266.94,264.29,267.16,262.5,26334882
305,2019-11-27,265.58,267.84,267.98,265.31,16386122
306,2019-11-29,266.6,267.25,268.0,265.9,11654363
307,2019-12-02,267.27,264.16,268.25,263.45,23693550
308,2019-12-03,258.31,259.45,259.53,256.29,29377268
309,2019-12-04,261.07,261.74,263.31,260.68,16810388
310,2019-12-05,263.79,265.58,265.89,262.73,18661343
311,2019-12-06,267.48,270.71,271.0,267.3,26547493
312,2019-12-09,270.0,266.92,270.8,264.91,32182645
313,2019-12-10,268.6,268.48,270.07,265.86,22632383
314,2019-12-11,268.81,270.77,271.1,268.5,19723391
315,2019-12-12,267.78,271.46,272.56,267.32,34437042
316,2019-12-13,271.46,275.15,275.3,270.93,33432806
317,2019-12-16,277.0,279.86,280.79,276.98,32081105
318,2019-12-17,279.57,280.41,281.77,278.8,28575798
319,2019-12-18,279.8,279.74,281.9,279.12,29024687
320,2019-12-19,279.5,280.02,281.18,278.95,24626947
321,2019-12-20,282.23,279.44,282.65,278.56,69032743
322,2019-12-23,280.53,284.0,284.25,280.37,24677883
323,2019-12-24,284.69,284.27,284.89,282.92,12119714
324,2019-12-26,284.82,289.91,289.98,284.7,23334004
325,2019-12-27,291.12,289.8,293.97,288.12,36592936
326,2019-12-30,289.46,291.52,292.69,285.22,36059614
327,2019-12-31,289.93,293.65,293.68,289.52,25247625
328,2020-01-02,296.24,300.35,300.6,295.19,33911864
329,2020-01-03,297.15,297.43,300.58,296.5,36633878
330,2020-01-06,293.79,299.8,299.96,292.75,29644644
331,2020-01-07,299.84,298.39,300.9,297.48,27877655
332,2020-01-08,297.16,303.19,304.44,297.16,33090946
333,2020-01-09,307.24,309.63,310.43,306.2,42621542
334,2020-01-10,310.6,310.33,312.67,308.25,35217272
335,2020-01-13,311.64,316.96,317.07,311.15,30521722
336,2020-01-14,316.7,312.68,317.57,312.17,40653457
337,2020-01-15,311.85,311.34,315.5,309.55,30480882
338,2020-01-16,313.59,315.24,315.7,312.09,27207254
339,2020-01-17,316.27,318.73,318.74,315.0,34454117
340,2020-01-21,317.19,316.57,319.02,316.0,27710814
341,2020-01-22,318.58,317.7,319.99,317.31,25458115
342,2020-01-23,317.92,319.23,319.56,315.65,26117993
343,2020-01-24,320.25,318.31,323.33,317.52,36634380
344,2020-01-27,310.06,308.95,311.77,304.88,40485005
345,2020-01-28,312.6,317.69,318.4,312.19,40558486
346,2020-01-29,324.45,324.34,327.85,321.38,54149928
347,2020-01-30,320.54,323.87,324.09,318.75,31685808
348,2020-01-31,320.93,309.51,322.68,308.29,49897096
349,2020-02-03,304.3,308.66,313.49,302.22,43496401
350,2020-02-04,315.31,318.85,319.64,313.63,34154134
351,2020-02-05,323.52,321.45,324.76,318.95,29706718
352,2020-02-06,322.57,325.21,325.22,320.26,26356385
353,2020-02-07,322.37,320.03,323.4,318.0,29421012
354,2020-02-10,314.18,321.55,321.55,313.85,27337215
355,2020-02-11,323.6,319.61,323.9,318.71,23580780
356,2020-02-12,321.47,327.2,327.22,321.47,28432573
357,2020-02-13,324.19,324.87,326.22,323.35,23686892
358,2020-02-14,324.74,324.95,325.98,322.85,20028447
359,2020-02-18,315.36,319.0,319.75,314.61,38190545
360,2020-02-19,320.0,323.62,324.57,320.0,23495991
361,2020-02-20,322.63,320.3,324.65,318.21,25141489
362,2020-02-21,318.62,313.05,320.45,310.5,32426415
363,2020-02-24,297.26,298.18,304.18,289.23,55548828
364,2020-02-25,300.95,288.08,302.53,286.13,57668364
365,2020-02-26,286.53,292.65,297.88,286.5,49678431
366,2020-02-27,281.1,273.52,286.0,272.96,80151381
367,2020-02-28,257.26,273.36,278.41,256.37,106721230
368,2020-03-02,282.28,298.81,301.44,277.72,85349339
369,2020-03-03,303.67,289.32,304.0,285.8,79868852
370,2020-03-04,296.44,302.74,303.4,293.13,54794568
371,2020-03-05,295.52,292.92,299.55,291.41,46893219
372,2020-03-06,282.0,289.03,290.82,281.23,56544246
373,2020-03-09,263.75,266.17,278.09,263.0,71686208
374,2020-03-10,277.14,285.34,286.44,269.37,71322520
375,2020-03-11,277.39,275.43,281.22,271.86,64094970
376,2020-03-12,255.94,248.23,270.0,248.0,104618517
377,2020-03-13,264.89,277.97,279.92,252.95,92683032
378,2020-03-16,241.95,242.21,259.08,240.0,80605865
379,2020-03-17,247.51,252.86,257.61,238.4,81013965
380,2020-03-18,239.77,246.67,250.0,237.12,75058406
381,2020-03-19,247.39,244.78,252.84,242.61,67964255
382,2020-03-20,247.18,229.24,251.83,228.0,100423346
383,2020-03-23,228.08,224.37,228.5,212.61,84188208
384,2020-03-24,236.36,246.88,247.69,234.3,71882773
385,2020-03-25,250.75,245.52,258.25,244.3,75900510
386,2020-03-26,246.52,258.44,258.68,246.36,63140169
387,2020-03-27,252.75,247.74,255.87,247.05,51054153
388,2020-03-30,250.74,254.81,255.52,249.4,41994110
389,2020-03-31,255.6,254.29,262.49,252.0,49250501
390,2020-04-01,246.5,240.91,248.72,239.13,44054638
391,2020-04-02,240.34,244.93,245.15,236.9,41483493
392,2020-04-03,242.8,241.41,245.7,238.97,32470017
393,2020-04-06,250.9,262.47,263.11,249.38,50455071
394,2020-04-07,270.8,259.43,271.7,259.0,50721831
395,2020-04-08,262.74,266.07,267.37,261.23,42223821
396,2020-04-09,268.7,267.99,270.07,264.7,40529123
397,2020-04-13,268.31,273.25,273.7,265.83,32755731
398,2020-04-14,280.0,287.05,288.25,278.05,48748672
399,2020-04-15,282.4,284.43,286.33,280.63,32788641
400,2020-04-16,287.38,286.69,288.2,282.35,39281290
401,2020-04-17,284.69,282.8,286.95,276.86,53812478
402,2020-04-20,277.95,276.93,281.68,276.85,32503750
403,2020-04-21,276.28,268.37,277.25,265.43,45247893
404,2020-04-22,273.61,276.1,277.9,272.2,29264342
405,2020-04-23,275.87,275.03,281.75,274.87,31203582
406,2020-04-24,277.2,282.97,283.01,277.0,31627183
407,2020-04-27,281.8,283.17,284.54,279.95,29271893
408,2020-04-28,285.08,278.58,285.83,278.2,28001187
409,2020-04-29,284.73,287.73,289.67,283.89,34320204
410,2020-04-30,289.96,293.8,294.53,288.35,45765968
411,2020-05-01,286.25,289.07,299.0,285.85,60154175
412,2020-05-04,289.17,293.16,293.69,286.32,33391986
413,2020-05-05,295.06,297.56,301.0,294.46,36937795
414,2020-05-06,300.46,300.63,303.24,298.87,35583438
415,2020-05-07,303.22,303.74,305.17,301.97,28803764
416,2020-05-08,305.64,310.13,310.35,304.29,33511985
417,2020-05-11,308.1,315.01,317.05,307.24,36486561
418,2020-05-12,317.83,311.41,319.69,310.91,40575263
419,2020-05-13,312.15,307.65,315.95,303.21,50155639
420,2020-05-14,304.51,309.54,309.79,301.53,39732269
421,2020-05-15,300.35,307.71,307.9,300.21,41587094
422,2020-05-18,313.17,314.96,316.5,310.32,33843125
423,2020-05-19,315.03,313.14,318.52,313.01,25432385
424,2020-05-20,316.68,319.23,319.52,316.2,27876215
425,2020-05-21,318.66,316.85,320.89,315.87,25672211
426,2020-05-22,315.77,318.89,319.23,315.35,20450754
427,2020-05-26,323.5,316.73,324.24,316.5,31380454
428,2020-05-27,316.14,318.11,318.71,313.09,28236274
429,2020-05-28,316.77,318.25,323.44,315.63,33449103
430,2020-05-29,319.25,317.94,321.15,316.47,38399532
431,2020-06-01,317.75,321.85,322.35,317.21,20254653
432,2020-06-02,320.75,323.34,323.44,318.93,21910704
433,2020-06-03,324.66,325.12,326.2,322.3,26122804
434,2020-06-04,324.39,322.32,325.62,320.78,21890091
435,2020-06-05,323.35,331.5,331.75,323.23,34312550
436,2020-06-08,330.25,333.46,333.6,327.32,23913634
437,2020-06-09,332.14,343.99,345.61,332.01,36928091
438,2020-06-10,347.9,352.84,354.77,346.09,41662938
439,2020-06-11,349.31,335.9,351.06,335.48,50415613
440,2020-06-12,344.72,338.8,347.8,334.22,50036513
441,2020-06-15,333.25,342.99,345.68,332.58,34702230
442,2020-06-16,351.46,352.08,353.2,344.72,41357182
443,2020-06-17,355.15,351.59,355.4,351.09,28601626
444,2020-06-18,351.41,351.73,353.45,349.22,24205096
445,2020-06-19,354.64,349.72,356.56,345.15,66118952
446,2020-06-22,351.34,358.87,359.46,351.15,33861316
447,2020-06-23,364.0,366.53,372.38,362.27,53038869
448,2020-06-24,365.0,360.06,368.79,358.52,48155849
449,2020-06-25,360.7,364.84,365.0,357.57,34380628
450,2020-06-26,364.41,353.63,365.32,353.02,51314211
451,2020-06-29,353.25,361.78,362.17,351.28,32661519
452,2020-06-30,360.08,364.8,365.98,360.0,35055821
453,2020-07-01,365.12,364.11,367.36,363.91,27684309
454,2020-07-02,367.85,364.11,370.47,363.64,28510367
455,2020-07-06,370.0,373.85,375.78,369.87,29663913
456,2020-07-07,375.41,372.69,378.62,372.23,28106114
457,2020-07-08,376.72,381.37,381.5,376.36,29272970
458,2020-07-09,385.05,382.73,385.27,378.69,31410652
459,2020-07-10,381.34,383.68,383.92,378.82,22564330
460,2020-07-13,389.06,381.91,399.82,381.03,47912285
461,2020-07-14,379.36,388.23,389.02,375.51,42747341
462,2020-07-15,395.96,390.9,396.99,385.96,38299483
463,2020-07-16,386.25,386.09,389.62,383.62,27644418
464,2020-07-17,387.95,385.31,388.59,383.36,23046725
465,2020-07-20,385.67,393.43,394.0,384.25,22579477
466,2020-07-21,396.69,388.0,397.0,386.97,25911459
467,2020-07-22,386.77,389.09,391.9,386.41,22250413
468,2020-07-23,387.99,371.38,388.31,368.04,49251108
469,2020-07-24,363.95,370.46,371.88,356.58,46359716
470,2020-07-27,374.84,379.24,379.62,373.92,30303548
471,2020-07-28,377.47,373.01,378.2,372.99,25906375
472,2020-07-29,375.0,380.16,380.92,374.85,22582314
473,2020-07-30,376.75,384.76,385.19,375.07,39532505
474,2020-07-31,411.54,425.04,425.66,403.3,93573867
475,2020-08-03,432.8,435.75,446.55,431.57,77037847
476,2020-08-04,436.53,438.66,443.16,433.55,43198092
477,2020-08-05,437.51,440.25,441.57,435.59,30497988
478,2020-08-06,441.62,455.61,457.65,439.19,50607225
479,2020-08-07,452.82,444.45,454.7,441.17,49511403
480,2020-08-10,450.4,450.91,455.1,440.0,53100856
481,2020-08-11,447.88,437.5,449.93,436.43,46975594
482,2020-08-12,441.99,452.04,453.1,441.19,41486205
483,2020-08-13,457.72,460.04,464.17,455.71,52520516
484,2020-08-14,459.32,459.63,460.0,452.18,41391302
485,2020-08-17,464.25,458.43,464.35,455.85,29890361
486,2020-08-18,457.41,462.25,464.0,456.03,26408385
487,2020-08-19,463.93,462.83,468.65,462.44,36384502
488,2020-08-20,463.0,473.1,473.57,462.93,31726797
489,2020-08-21,477.05,497.48,499.47,477.0,84513660
490,2020-08-24,514.79,503.43,515.14,495.75,86484442
491,2020-08-25,498.79,499.3,500.72,492.21,52873947
492,2020-08-26,504.72,506.09,507.97,500.33,40755567
493,2020-08-27,508.57,500.04,509.94,495.33,38888096
494,2020-08-28,504.05,499.23,505.77,498.31,46907479
495,2020-08-31,127.58,129.04,131.0,126.0,225702688
496,2020-09-01,132.76,134.18,134.8,130.53,152470142
497,2020-09-02,137.59,131.4,137.98,127.0,200118991
498,2020-09-03,126.91,120.88,128.84,120.5,257599640
499,2020-09-04,120.07,120.96,123.7,110.89,332607163
500,2020-09-08,113.95,112.82,118.99,112.68,231366563
501,2020-09-09,117.26,117.32,119.14,115.26,176940455
502,2020-09-10,120.36,113.49,120.5,112.5,182274391
503,2020-09-11,114.57,112.0,115.23,110.0,180860325
